department,commodity_desc,category_sales,units,household_count,household_penetration,basket_penetration,discount_rate,first_year_sales,second_year_sales,sales_growth,sales_growth_rate
 , ,0.0,0.0,1423,0.5692,0.026735724309544132,1.0,0.0,0.0,0.0,
AUTOMOTIVE,COUPON,451.65999999999997,65.0,59,0.0236,0.00022786128672906933,0.0,216.31,235.35000000000002,19.04000000000002,0.0880218205353429
AUTOMOTIVE,NEWSPAPER,1.0,2.0,2,0.0008,7.233691642192677e-06,0.0,0.0,1.0,1.0,
CHARITABLE CONT,UNKNOWN,7.74,3.0,2,0.0008,7.233691642192677e-06,0.22444889779559118,7.74,0.0,-7.74,-1.0
CHEF SHOPPE,UNKNOWN,2290.7999999999934,875.0,382,0.1528,0.0027090175200011573,0.03914232505075264,183.55000000000013,2107.250000000001,1923.7000000000007,10.480523018251155
CNTRL/STORE SUP,COUPON/MISC ITEMS,49.05,22.0,20,0.008,7.59537622430231e-05,0.0,4.1,44.95,40.85,9.963414634146343
COSMETICS,BATH,4532.3499999999085,1403.0,547,0.2188,0.0038121554954355405,0.08726682495282855,2046.0800000000036,2486.26999999999,440.1899999999864,0.21513821551453788
COSMETICS,COSMETIC ACCESSORIES,1465.3600000000015,251.0,154,0.0616,0.000737836547503653,0.032727368740676166,548.7500000000003,916.6100000000008,367.86000000000047,0.6703599088838273
COSMETICS,COUPON/MISC ITEMS,313.24000000000007,48.0,44,0.0176,0.00017360859941262423,0.0,117.24,196.00000000000006,78.76000000000006,0.6717843739338115
COSMETICS,FRAGRANCES,2535.609999999998,114.0,93,0.0372,0.0004050867319627899,0.020008657406333834,886.6800000000001,1648.9300000000003,762.2500000000002,0.8596675237966348
COSMETICS,MAKEUP AND TREATMENT,23513.8100000005,6168.0,1083,0.4332,0.014329943143183692,0.22365689808242412,10242.159999999887,13271.64999999993,3029.4900000000434,0.29578624040242263
COUP/STR & MFG,COUPONS/STORE & MFG,1027.720000000001,1011.0,442,0.1768,0.002951346190014612,0.1974197982069776,396.4900000000002,631.2300000000001,234.73999999999995,0.5920451966001661
DAIRY DELI,EGGS,67.45000000000003,75.0,49,0.0196,0.0001880759826970096,0.029775604142692737,67.45000000000003,0.0,-67.45000000000003,-1.0
DAIRY DELI,MILK BY-PRODUCTS,5.78,2.0,1,0.0004,3.6168458210963385e-06,0.0,5.78,0.0,-5.78,-1.0
DELI,CHEESES,52298.99999999873,14420.0,1504,0.6016,0.04098247999884261,0.08398045600780288,23031.710000000592,29267.290000001227,6235.580000000635,0.27073890735861444
DELI,CHICKEN/POULTRY,32295.980000002284,6899.0,1222,0.4888,0.021393643031784843,0.10159049403373172,14423.379999999865,17872.600000000006,3449.220000000141,0.23914089485267487
DELI,COFFEE SHOP,2.9699999999999998,3.0,2,0.0008,1.0850537463289014e-05,0.0,2.9699999999999998,0.0,-2.9699999999999998,-1.0
DELI,DELI MEATS,106539.94000000061,26186.0,1741,0.6964,0.06192763414881151,0.07676502928850852,48418.13999999993,58121.799999999086,9703.65999999916,0.2004137292345219
DELI,DELI SPECIALTIES (RETAIL PK),1321.7800000000025,500.0,261,0.1044,0.0015371594739659437,0.07224628169943333,853.4200000000003,468.35999999999945,-385.06000000000085,-0.4511963628693969
DELI,DELI SUPPLIES,801.0400000000003,237.0,179,0.0716,0.0007848555431779054,0.0,368.8700000000002,432.17000000000013,63.299999999999955,0.1716051725540161
DELI,PARTY TRAYS,6698.489999999932,479.0,259,0.1036,0.0014612057117229208,0.038718250819067906,3046.05999999999,3652.429999999976,606.3699999999862,0.19906699145781379
DELI,PREPARED FOOD,21906.44000000031,5770.0,989,0.3956,0.017093213350501294,0.0858387134062177,9808.30999999997,12098.129999999917,2289.819999999947,0.23345713991502653
DELI,SALADS/DIPS,24600.99000000131,8279.0,1406,0.5624,0.02183851506777969,0.09045874157829267,10520.639999999765,14080.34999999969,3559.7099999999245,0.3383548909572045
DELI,SANDWICHES,4665.2499999999245,1327.0,308,0.1232,0.003247927547344512,0.00919393272649287,1682.0600000000031,2983.1899999999773,1301.1299999999742,0.7735336432707346
DELI,SERVICE BEVERAGE,393.62999999999823,374.0,112,0.0448,0.0011320727420031538,0.016343054201964243,192.80000000000007,200.83000000000044,8.03000000000037,0.0416493775933629
DELI,SNACKS,4178.149999999949,1641.0,458,0.1832,0.00459339419279235,0.09217227683188851,1777.7900000000022,2400.359999999989,622.569999999987,0.35019321742162246
DELI,SUSHI,5162.849999999973,911.0,126,0.0504,0.002278612867290693,0.00038723293028839373,2200.4100000000035,2962.439999999999,762.0299999999957,0.3463127326270988
DELI/SNACK BAR,DELI SUPPLIES,36.080000000000005,12.0,10,0.004,3.978530403205972e-05,0.0,0.0,36.080000000000005,36.080000000000005,
DRUG GM,ADULT INCONTINENCE,4995.969999999967,638.0,136,0.0544,0.0018409745229380362,0.0646160240699936,1766.9100000000008,3229.059999999988,1462.1499999999874,0.8275180965640506
DRUG GM,ANALGESICS,25426.210000000818,5528.0,1315,0.526,0.015400529506228208,0.14333042455769834,10351.059999999856,15075.149999999898,4724.090000000042,0.45638707533335793
DRUG GM,ANTACIDS,11508.759999999864,2205.0,722,0.2888,0.006340330724381881,0.11616298143972828,4884.809999999933,6623.949999999925,1739.1399999999921,0.35603022430760173
DRUG GM,APPAREL,3551.7199999999766,635.0,306,0.1224,0.001656515386062123,0.11859679076439074,1595.680000000001,1956.0400000000016,360.3600000000006,0.2258347538353557
DRUG GM,AUDIO/VIDEO PRODUCTS,13669.859999999842,1065.0,518,0.2072,0.0033238813095875347,0.05512473932719007,6606.269999999943,7063.589999999931,457.3199999999879,0.06922514520296504
DRUG GM,AUTOMOTIVE PRODUCTS,3716.849999999958,1259.0,564,0.2256,0.0033491992303352094,0.01097365949192289,1890.7700000000036,1826.0800000000006,-64.69000000000301,-0.03421357436388502
DRUG GM,BABY FOODS,24073.600000001014,31337.0,582,0.2328,0.015328192589806281,0.052097319730513375,11336.930000000448,12736.669999999664,1399.7399999992158,0.12346728788121304
DRUG GM,BABY HBC,15706.909999999963,5125.0,1016,0.4064,0.014416747442890005,0.08047674746715536,7045.739999999834,8661.169999999875,1615.4300000000403,0.22927754927091806
DRUG GM,BATTERIES,13169.630000000157,2943.0,997,0.3988,0.008174071555677724,0.0864181173163637,6249.839999999959,6919.789999999894,669.9499999999343,0.10719474418544134
DRUG GM,BOOKSTORE,15683.829999999989,1934.0,639,0.2556,0.005465054035676567,0.011887218845664616,7528.789999999954,8155.039999999941,626.2499999999873,0.08318069703099583
DRUG GM,BROOMS AND MOPS,10249.789999999772,3998.0,1095,0.438,0.011020529216880542,0.04108183154316109,4712.479999999895,5537.309999999861,824.8299999999663,0.17503098156384422
DRUG GM,CANDLES/ACCESSORIES,5926.879999999904,2405.0,610,0.244,0.00436553290606328,0.22486853101308413,3229.2799999999756,2697.599999999991,-531.6799999999848,-0.1646435118664188
DRUG GM,CANDY - CHECKLANE,28116.66000000384,57594.0,2142,0.8568,0.0843520782396088,0.2802182948671183,13487.080000000107,14629.580000000315,1142.5000000002074,0.08471070090784649
DRUG GM,CANDY - PACKAGED,75868.82000000146,44580.0,2170,0.868,0.07806961704836446,0.1409672381525416,32942.42000000169,42926.40000000066,9983.97999999897,0.30307366611191455
DRUG GM,CHARCOAL AND LIGHTER FLUID,11693.629999999806,2632.0,747,0.2988,0.007190289492339521,0.06524768043153213,4746.809999999944,6946.819999999864,2200.00999999992,0.4634712575392624
DRUG GM,CHRISTMAS  SEASONAL,11112.269999999728,4485.0,883,0.3532,0.006929876593220584,0.24981417959871335,5534.429999999888,5577.839999999884,43.40999999999531,0.007843626172884323
DRUG GM,CIGARETTES,96387.82999999894,16842.0,998,0.3992,0.03964063019921587,0.01518069935494381,45584.15000000031,50803.68000000037,5219.530000000064,0.11450317709116062
DRUG GM,CIGARS,668.750000000001,203.0,73,0.0292,0.0005967795604808958,0.0,311.77000000000015,356.9800000000002,45.210000000000036,0.14501074510055495
DRUG GM,COFFEE FILTERS,4502.799999999914,1773.0,725,0.29,0.005956945067345669,0.07162782642401176,1915.3900000000044,2587.409999999994,672.0199999999895,0.3508528289277839
DRUG GM,COLD AND FLU,25642.440000001214,6800.0,1416,0.5664,0.017697226602624384,0.09149001300986835,10794.359999999804,14848.079999999807,4053.720000000003,0.375540560070266
DRUG GM,CONTINUITIES,805.9899999999998,202.0,115,0.046,0.0005642279480910288,0.04214154138689168,532.1800000000007,273.81000000000023,-258.3700000000005,-0.4854936299748208
DRUG GM,COOKWARE & BAKEWARE,6707.569999999871,1393.0,654,0.2616,0.0037398185790136138,0.08109437332865885,3077.899999999974,3629.66999999996,551.7699999999859,0.17926833230449024
DRUG GM,COUPON/MISC ITEMS,185.20000000000005,17.0,12,0.0048,4.70189956742524e-05,0.0,175.95000000000002,9.25,-166.70000000000002,-0.9474282466609832
DRUG GM,DEODORANTS,15897.120000000185,5660.0,1298,0.5192,0.015404146352049305,0.1281409749807893,7157.819999999927,8739.299999999901,1581.479999999974,0.22094436574264095
DRUG GM,DIAPERS & DISPOSABLES,59663.69999999723,5283.0,632,0.2528,0.016579621243905614,0.07469089132635022,26463.750000000768,33199.95000000158,6736.200000000816,0.2545444239762173
DRUG GM,DIETARY AID PRODUCTS,16339.92999999985,3457.0,495,0.198,0.006474154019762445,0.0854129456601989,7098.329999999906,9241.5999999999,2143.269999999994,0.3019400337825971
DRUG GM,DISPOSIBLE FOILWARE,3574.6999999999534,1305.0,590,0.236,0.0036602479709494946,0.09007834891996712,1687.0200000000025,1887.6800000000037,200.66000000000122,0.11894346243672328
DRUG GM,DOLLAR VALUE PRODUCTS,354.63000000000005,325.0,142,0.0568,0.0006148637895863775,0.1913947602435187,129.12,225.51000000000002,96.39000000000001,0.7465148698884759
DRUG GM,DOMESTIC GOODS,3988.5199999999745,1270.0,480,0.192,0.0027234849032855427,0.18115674246343721,2083.390000000001,1905.130000000002,-178.25999999999885,-0.08556247270074195
DRUG GM,EASTER,1913.7400000000032,1183.0,396,0.1584,0.002076069501309298,0.10542799446542753,711.7800000000011,1201.9600000000025,490.1800000000014,0.6886678468065984
DRUG GM,ELECTRICAL SUPPPLIES,10534.929999999986,4076.0,1063,0.4252,0.009602725655010778,0.05651119073825388,5024.709999999975,5510.219999999962,485.5099999999875,0.09662448181088858
DRUG GM,ETHNIC PERSONAL CARE,1164.7900000000009,382.0,156,0.0624,0.0010922874379710942,0.06868208748770673,503.5100000000006,661.2800000000012,157.7700000000006,0.31334035073782135
DRUG GM,EYE AND EAR CARE PRODUCTS,7417.759999999904,1263.0,510,0.204,0.004014698861416936,0.016119555024412313,3244.7699999999836,4172.989999999977,928.2199999999934,0.2860665008613856
DRUG GM,FALL AND WINTER SEASONAL,2194.2700000000004,396.0,224,0.0896,0.0010344179048335529,0.03002400328884842,938.530000000001,1255.7400000000014,317.2100000000004,0.33798599938201235
DRUG GM,FAMILY PLANNING,4853.48999999996,595.0,335,0.134,0.002032667351456142,0.026757945268933193,2356.869999999995,2496.6199999999963,139.75000000000136,0.05929474260353845
DRUG GM,FD WRAPS/BAGS/TRSH BG,36.029999999999994,11.0,9,0.0036,3.255161238986705e-05,0.08063281449349324,0.0,36.029999999999994,36.029999999999994,
DRUG GM,FEMININE HYGIENE,20060.810000000485,5494.0,1178,0.4712,0.015570521259819737,0.07900792131390588,8779.75999999988,11281.049999999928,2501.290000000048,0.2848927533326745
DRUG GM,FILM AND CAMERA PRODUCTS,7216.799999999893,1229.0,574,0.2296,0.003624079512738531,0.12535510330718921,3650.069999999973,3566.729999999973,-83.33999999999969,-0.022832438829940332
DRUG GM,FIREWORKS,1317.8800000000022,290.0,133,0.0532,0.0005895458688387032,0.0005308741221617185,417.0300000000004,900.8500000000009,483.8200000000005,1.1601563436683213
DRUG GM,FIRST AID PRODUCTS,11949.06999999986,3449.0,1075,0.43,0.009573790888442008,0.02345524339105644,5296.44999999992,6652.619999999898,1356.1699999999782,0.2560526390318041
DRUG GM,FOOT CARE PRODUCTS,3828.899999999978,636.0,317,0.1268,0.0018952272102544813,0.01982418325081802,1841.7300000000005,1987.170000000001,145.4400000000005,0.07896923001742952
DRUG GM,FRAGRANCES,29.99,1.0,1,0.0004,3.6168458210963385e-06,0.0,29.99,0.0,-29.99,-1.0
DRUG GM,GLASSES/VISION AIDS,1276.1800000000007,141.0,96,0.0384,0.00047742364838471667,0.0,583.1200000000002,693.0600000000003,109.94000000000005,0.1885375222938675
DRUG GM,GLASSWARE & DINNERWARE,1117.0700000000004,386.0,151,0.0604,0.0006401817103340519,0.1538566418470068,440.13000000000017,676.94,236.8099999999999,0.5380455774430277
DRUG GM,GREETING CARDS/WRAP/PARTY SPLY,33396.590000004086,13671.0,1604,0.6416,0.027513346161079845,0.026407458596953492,15159.999999999976,18236.590000000506,3076.5900000005295,0.2029412928760247
DRUG GM,HAIR CARE ACCESSORIES,4345.319999999866,1570.0,640,0.256,0.004336598139494509,0.06161364652326123,1916.3000000000034,2429.019999999981,512.7199999999775,0.26755727182590233
DRUG GM,HAIR CARE PRODUCTS,44840.520000000586,12992.0,1506,0.6024,0.028750307431894793,0.09806117584585328,19885.540000000517,24954.98000000048,5069.439999999962,0.25493096994096365
DRUG GM,HALLOWEEN,3847.3899999999508,1110.0,404,0.1616,0.0022930802505750783,0.22804402130840368,1917.6000000000004,1929.7900000000016,12.190000000001191,0.006356904463913845
DRUG GM,HAND/BODY/FACIAL PRODUCTS,20891.14000000043,3624.0,923,0.3692,0.010329711665051143,0.08826421350822546,9188.34999999987,11702.789999999883,2514.4400000000132,0.27365522645524487
DRUG GM,HARDWARE SUPPLIES,5207.569999999903,1670.0,652,0.2608,0.004304046527104643,0.05331023374696965,2321.1999999999966,2886.3699999999844,565.1699999999878,0.24348181974840108
DRUG GM,HOME FREEZING & CANNING SUPPLY,963.5300000000019,310.0,102,0.0408,0.0005497605648066435,0.07676903176352214,408.1600000000003,555.3700000000006,147.21000000000026,0.3606673853390831
DRUG GM,HOME FURNISHINGS,1554.0800000000004,124.0,73,0.0292,0.0003327498155408631,0.09393128458071698,525.2600000000002,1028.8200000000002,503.55999999999995,0.9586871263755088
DRUG GM,HOME HEALTH CARE,126.07,9.0,8,0.0032,3.255161238986705e-05,0.0,56.26,69.81,13.550000000000004,0.2408460718094562
DRUG GM,HOSIERY/SOCKS,3755.529999999963,1111.0,367,0.1468,0.0027162512116433502,0.055523839942057375,1794.280000000003,1961.250000000003,166.97000000000003,0.0930568250217356
DRUG GM,IN-STORE PHOTOFINISHING,8052.639999999984,1213.0,312,0.1248,0.0026222132202948453,0.004098553262641335,3615.3299999999954,4437.309999999994,821.9799999999987,0.22735960479402978
DRUG GM,INFANT CARE PRODUCTS,6389.779999999865,1522.0,448,0.1792,0.004137671619334211,0.06386314057626549,2782.089999999982,3607.6899999999614,825.5999999999794,0.2967553170458126
DRUG GM,INFANT FORMULA,50861.790000000205,6174.0,466,0.1864,0.009534005584409947,0.13523932166111893,24608.56000000017,26253.230000000178,1644.6700000000092,0.06683324826808223
DRUG GM,INSECTICIDES,3482.689999999968,931.0,446,0.1784,0.00245945515834551,0.07177524460353119,1526.0100000000007,1956.680000000004,430.67000000000326,0.2822196446943356
DRUG GM,IRONING AND CHEMICALS,3346.009999999975,531.0,290,0.116,0.0014503551742596316,0.010223128052369945,1825.2800000000018,1520.7300000000016,-304.5500000000002,-0.16685111325385688
DRUG GM,J-HOOKS,3167.219999999953,1021.0,544,0.2176,0.0033057970804820534,0.003526898500202983,1413.390000000003,1753.8300000000038,340.44000000000074,0.24086770105915564
DRUG GM,KITCHEN GADGETS,7297.429999999815,2619.0,1017,0.4068,0.006962428205610451,0.05589272199186388,3326.3899999999544,3971.03999999995,644.6499999999955,0.19379868265597372
DRUG GM,LAWN AND GARDEN SHOP,3187.5499999999915,560.0,189,0.0756,0.0010886705921499978,0.12726530992205107,1098.1800000000005,2089.3700000000017,991.1900000000012,0.9025751698264408
DRUG GM,LAXATIVES,8913.639999999885,1840.0,498,0.1992,0.005002097770576236,0.0777574758049006,3644.019999999974,5269.619999999954,1625.5999999999804,0.4461007349026602
DRUG GM,LONG DISTANCE CALLING CARDS,690.5699999999999,63.0,30,0.012,0.00022062759508687663,0.018379530916844355,228.98000000000008,461.5899999999999,232.60999999999984,1.0158529129181577
DRUG GM,MAGAZINE,32785.65000000562,9802.0,1211,0.4844,0.02625468381533832,0.0006720983183824597,15667.699999999457,17117.949999999688,1450.250000000231,0.09256304371415595
DRUG GM,MISCELLANEOUS HBC,87.39999999999998,31.0,22,0.0088,0.00010127168299069747,0.0,50.930000000000014,36.47000000000001,-14.46,-0.28391910465344583
DRUG GM,NATURAL HBC,214.49000000000015,51.0,29,0.0116,0.0001302064495594682,0.031166719364018238,125.97999999999999,88.50999999999996,-37.47000000000003,-0.29742816320050824
DRUG GM,NEWSPAPER,5911.699999999914,5436.0,802,0.3208,0.017422346320221063,0.015615737626301468,2681.629999999993,3230.069999999942,548.4399999999491,0.20451740172952668
DRUG GM,ORAL HYGIENE PRODUCTS,36423.4500000015,11993.0,1639,0.6556,0.028262033246046786,0.11749035315940931,16258.609999999879,20164.840000000495,3906.230000000616,0.2402560858523973
DRUG GM,OVERNIGHT PHOTOFINISHING,1937.2999999999995,256.0,96,0.0384,0.0005895458688387032,0.028133120629282932,906.35,1030.9500000000003,124.60000000000025,0.1374744855740059
DRUG GM,PERSONAL CARE APPLIANCES,2234.3399999999992,171.0,138,0.0552,0.0005931627146597995,0.08581178116829728,916.0600000000004,1318.2800000000004,402.22,0.43907604305394826
DRUG GM,PLASTIC HOUSEWARES,8512.029999999859,3547.0,1007,0.4028,0.007946210268948655,0.11622549045055725,4119.239999999971,4392.789999999977,273.55000000000655,0.06640788106544132
DRUG GM,PORTABLE ELECTRIC APPLIANCES,1778.0200000000013,129.0,113,0.0452,0.00045210572763704226,0.12499446360992311,586.3200000000002,1191.7000000000007,605.3800000000006,1.0325078455450956
DRUG GM,PREPAID WIRELESS&ACCESSORIES,21644.470000000038,1213.0,302,0.1208,0.003804921803793348,0.13634578935817868,11085.129999999985,10559.33999999999,-525.7899999999954,-0.04743201026961309
DRUG GM,PROPANE,1300.9300000000003,58.0,44,0.0176,0.0001989265201602986,0.0,676.7200000000001,624.2100000000002,-52.50999999999999,-0.07759486936990186
DRUG GM,SEWING,363.25000000000006,197.0,131,0.0524,0.0005461437189855471,0.038715994495607066,195.28000000000003,167.96999999999994,-27.310000000000088,-0.13985047111839452
DRUG GM,SHAVING CARE PRODUCTS,22928.570000000425,4261.0,1042,0.4168,0.011924740672154627,0.08443819212982819,9874.85999999994,13053.70999999993,3178.8499999999894,0.3219134245953875
DRUG GM,SHOE CARE,637.4900000000011,288.0,181,0.0724,0.0008101734639255798,0.014515829829334623,293.3800000000001,344.11000000000007,50.72999999999996,0.17291567250664647
DRUG GM,SINUS AND ALLERGY,12359.569999999903,1893.0,701,0.2804,0.00609438520854733,0.08556143006595182,5876.529999999942,6483.03999999991,606.5099999999675,0.10320886645690117
DRUG GM,SMOKING CESSATIONS,3030.6699999999955,81.0,28,0.0112,0.00028573081986661074,0.027868037401164412,1219.8500000000001,1810.8200000000004,590.9700000000003,0.4844612042464239
DRUG GM,SOAP - LIQUID & BAR,21681.520000000834,8148.0,1448,0.5792,0.021223651278193312,0.15526227306568452,9685.329999999889,11996.189999999971,2310.8600000000824,0.23859383211517923
DRUG GM,SPORTS MEMORABLILIA,2013.9800000000018,261.0,161,0.0644,0.0007306028558614604,0.09256472411711171,356.74000000000024,1657.2400000000014,1300.5000000000011,3.6455121376913167
DRUG GM,SPRING/SUMMER SEASONAL,15043.95999999975,2677.0,972,0.3888,0.006976895588894837,0.11320307609237885,6002.599999999892,9041.359999999862,3038.75999999997,0.5062406290607445
DRUG GM,STATIONERY & SCHOOL SUPPLIES,18305.260000000024,9068.0,1334,0.5336,0.016887053138698805,0.10381279279887755,8339.099999999777,9966.159999999789,1627.0600000000122,0.1951121823698068
DRUG GM,SUNTAN,3025.989999999981,451.0,283,0.1132,0.0013309992621634524,0.15541432562709298,1135.000000000001,1890.9900000000005,755.9899999999996,0.6660704845814969
DRUG GM,TICKETS,8243.080000000073,875.0,324,0.1296,0.002564343687157304,0.0,3785.460000000019,4457.620000000017,672.159999999998,0.1775636250283967
DRUG GM,TOBACCO OTHER,3547.9299999999744,1128.0,425,0.17,0.0033672834594406908,0.031199910436105413,1562.9200000000023,1985.01000000001,422.09000000000765,0.2700650065262502
DRUG GM,TOYS AND GAMES,10878.619999999764,2939.0,774,0.3096,0.007002213509642511,0.1038075709857164,5131.209999999939,5747.409999999908,616.1999999999689,0.12008863406486506
DRUG GM,VALENTINE,2053.240000000004,727.0,327,0.1308,0.0016094963903878704,0.18080114905841152,1000.730000000002,1052.510000000002,51.780000000000086,0.05174222817343338
DRUG GM,VITAMINS,19737.030000000228,3024.0,731,0.2924,0.007237308488013773,0.24955428451495,7974.509999999907,11762.519999999857,3788.0099999999493,0.4750147657975215
DRUG GM,WATCHES/CALCULATORS/LOBBY,258.75000000000006,49.0,36,0.0144,0.0001519075244860462,0.1536373151903702,170.43,88.32000000000001,-82.11,-0.4817813765182186
ELECT &PLUMBING,COUPON,1.0,1.0,1,0.0004,3.6168458210963385e-06,0.0,0.0,1.0,1.0,
FLORAL,BOUQUET (NON ROSE),80.9,10.0,10,0.004,3.6168458210963384e-05,0.0,0.0,80.9,80.9,
FLORAL,EASTER LILY,31.98,2.0,1,0.0004,3.6168458210963385e-06,0.0,0.0,31.98,31.98,
FLORAL,FLORAL BALLOONS,2090.1600000000026,477.0,260,0.104,0.0013092981872368744,0.00046864389758696155,1010.8300000000017,1079.3300000000017,68.5,0.06776609321052984
FLORAL,FLORAL- HARD GOODS,1773.1600000000014,310.0,169,0.0676,0.0008644261512420248,0.007133658099557639,526.4600000000004,1246.7000000000012,720.2400000000008,1.3680811457660607
FLORAL,FLORAL-ACCESSORIES,604.1500000000004,115.0,66,0.0264,0.00029658135732989974,0.0018174308137133407,281.60000000000014,322.55,40.949999999999875,0.1454190340909086
FLORAL,FLORAL-FLOWERING PLANTS,4490.839999999957,600.0,343,0.1372,0.0017686376065161095,0.0366125997799,1698.8500000000015,2791.9899999999907,1093.1399999999892,0.6434588103717152
FLORAL,FLORAL-FOLIAGE PLANTS,2769.4499999999903,336.0,189,0.0756,0.000962080988411626,0.0021618115981192317,1279.160000000001,1490.2900000000016,211.13000000000056,0.1650536289439948
FLORAL,FLORAL-FRESH CUT,19784.570000000054,3112.0,821,0.3284,0.008029397722833872,0.02109406310456233,8843.8599999999,10940.709999999877,2096.8499999999767,0.2370966975958462
FLORAL,GIFT & FRUIT BASKETS,599.87,47.0,20,0.008,7.59537622430231e-05,0.0,477.6500000000001,122.22000000000001,-355.43000000000006,-0.7441222652569873
FLORAL,PROD SUPPLIES,2.99,1.0,1,0.0004,3.6168458210963385e-06,0.0,2.99,0.0,-2.99,-1.0
FLORAL,ROSES,7425.269999999935,576.0,322,0.1288,0.0018265071396536508,0.07271058382766225,3594.029999999984,3831.239999999982,237.20999999999822,0.06600111852154804
FROZEN GROCERY,MISCELLANEOUS CROUTONS,6.39,1.0,1,0.0004,3.6168458210963385e-06,0.0,0.0,6.39,6.39,
FROZEN GROCERY,UNKNOWN,646.8700000000009,296.0,172,0.0688,0.0008861272261686028,0.0491820146105566,212.18999999999997,434.68,222.49000000000004,1.0485414015740613
GARDEN CENTER,GARDEN CENTER,7164.659999999952,1211.0,282,0.1128,0.0018518250604013253,0.1259156056783422,2509.66,4654.999999999977,2145.3399999999774,0.854832925575567
GARDEN CENTER,UNKNOWN,503.1600000000001,125.0,60,0.024,0.0002640297449400327,0.0,232.82000000000005,270.34000000000003,37.51999999999998,0.16115453998797344
GM MERCH EXP,COUPON/MISC ITEMS,92.05999999999999,51.0,31,0.0124,0.0001699917535915279,0.0,0.0,92.05999999999999,92.05999999999999,
GM MERCH EXP,UNKNOWN,9.04,3.0,2,0.0008,7.233691642192677e-06,0.2472939217318901,9.04,0.0,-9.04,-1.0
GRO BAKERY,SNACK NUTS,2.18,2.0,1,0.0004,3.6168458210963385e-06,0.0,0.0,2.18,2.18,
GROCERY,AIR CARE,17699.309999999918,6861.0,1119,0.4476,0.013834435265693494,0.14877534295590625,8143.1799999998,9556.129999999748,1412.949999999948,0.17351329578862099
GROCERY,BAG SNACKS,148375.16000002864,80824.0,2348,0.9392,0.15204134778142678,0.13060346337910353,66155.95999999528,82219.20000000534,16063.24000001006,0.24280866002112594
GROCERY,BAKED BREAD/BUNS/ROLLS,145930.85000003784,99713.0,2400,0.96,0.21813558831614127,0.20378200526165796,65609.12999999704,80321.71999999396,14712.589999996926,0.22424607672739436
GROCERY,BAKED SWEET GOODS,55091.47999999921,31512.0,1932,0.7728,0.06769650323346016,0.12967646129541235,24389.68000000187,30701.80000000084,6312.119999998969,0.25880290352306734
GROCERY,BAKING MIXES,31079.76000000147,24063.0,1815,0.726,0.04084142301181985,0.19614810232067664,14451.359999999886,16628.39999999991,2177.0400000000245,0.1506460291626561
GROCERY,BAKING NEEDS,30533.710000001356,17848.0,1815,0.726,0.03762243023104411,0.1234889341364513,14075.619999999968,16458.090000000087,2382.4700000001194,0.16926217104469465
GROCERY,BATH TISSUES,60620.22999999981,16958.0,1852,0.7408,0.049315692770648574,0.19217478595444307,26375.980000001247,34244.250000002605,7868.270000001357,0.29831194897785734
GROCERY,BEANS - CANNED GLASS & MW,18005.329999999678,21277.0,1714,0.6856,0.03436365214623631,0.1401232029716097,8156.809999999882,9848.519999999959,1691.7100000000764,0.2073984805334562
GROCERY,BEERS/ALES,147309.68000001495,19860.0,1606,0.6424,0.05615876506416285,0.0007622333294102793,68860.43999999779,78449.23999999979,9588.800000001997,0.13924976372504017
GROCERY,BIRD SEED,1120.0300000000009,361.0,103,0.0412,0.0009476136051272407,0.09396613789142444,371.38000000000005,748.6499999999999,377.2699999999998,1.0158597662771278
GROCERY,BLEACH,9671.289999999884,4145.0,1167,0.4668,0.01285065320235529,0.07771085371413079,4211.149999999932,5460.139999999887,1248.9899999999543,0.2965911924296153
GROCERY,BOTTLE DEPOSITS,116.59999999999997,190.0,18,0.0072,0.0002929645115088034,0.0,65.60000000000004,51.0,-14.600000000000037,-0.22256097560975655
GROCERY,BUTTER,16887.939999999562,6183.0,983,0.3932,0.017910620506069067,0.1636669235233837,7905.319999999871,8982.61999999995,1077.3000000000793,0.1362753183931956
GROCERY,CANNED JUICES,74735.17999999864,35552.0,2064,0.8256,0.0730892203527148,0.14934412524137883,34441.45000000089,40293.729999999145,5852.279999998253,0.16991967527494053
GROCERY,CANNED MILK,3783.82,3243.0,750,0.3,0.006564575165289854,0.1398982103849059,1646.3200000000052,2137.5000000000086,491.1800000000035,0.29835025997376086
GROCERY,CAT FOOD,33590.6800000018,30240.0,743,0.2972,0.02373735912385527,0.1241058707447325,14568.16000000006,19022.519999999968,4454.359999999908,0.30575995870445477
GROCERY,CAT LITTER,17048.29999999988,3672.0,542,0.2168,0.010676928863876391,0.13443226549025547,6954.459999999885,10093.839999999866,3139.37999999998,0.4514196645030717
GROCERY,CHEESE,189528.1800000211,96402.0,2350,0.94,0.16962283531777608,0.21234223732196292,86932.85999999428,102595.31999999909,15662.460000004809,0.18016731532824112
GROCERY,COCOA MIXES,9778.939999999964,4918.0,1208,0.4832,0.013838052111514591,0.13989709309995735,4677.25999999995,5101.679999999966,424.42000000001553,0.09074116042298698
GROCERY,COFFEE,64555.479999996736,15206.0,1589,0.6356,0.04152500687200706,0.11497627775678466,28544.300000001585,36011.180000001455,7466.87999999987,0.2615891789253706
GROCERY,COLD CEREAL,111702.42000001135,41303.0,2142,0.8568,0.09102154193371045,0.18897568105143522,50283.31000000058,61419.10999999951,11135.799999998933,0.2214611567933536
GROCERY,CONDIMENTS/SAUCES,44856.140000000865,26827.0,2158,0.8632,0.06466558643538144,0.15691253069986946,20429.630000000532,24426.51000000092,3996.8800000003866,0.19564133075343423
GROCERY,CONVENIENT BRKFST/WHLSM SNACKS,55069.30999999766,25968.0,1743,0.6972,0.050628607803706545,0.15914421887991542,24330.720000000583,30738.589999999476,6407.869999998893,0.26336540801089076
GROCERY,COOKIES/CONES,54680.96000000064,25570.0,2050,0.82,0.06198188683612795,0.1773370259239765,25152.800000000745,29528.160000000753,4375.360000000008,0.17395121020323298
GROCERY,COUPON/MISC ITEMS,4564.3299999999645,1760.0,832,0.3328,0.00495869562072308,7.66756924910405e-05,2522.979999999995,2041.3500000000024,-481.6299999999926,-0.19089727227326161
GROCERY,CRACKERS/MISC BKD FD,64528.559999999874,33059.0,2193,0.8772,0.082181970746951,0.18940120624013615,28826.66000000124,35701.90000000037,6875.239999999132,0.2385028303660166
GROCERY,DINNER MXS:DRY,47209.57999999908,29913.0,1834,0.7336,0.04813660103297117,0.1846257846384466,22427.720000000303,24781.86000000014,2354.1399999998357,0.1049656407338688
GROCERY,DISHWASH DETERGENTS,18891.590000000073,7233.0,1501,0.6004,0.02254741684871457,0.09241720505320829,8661.159999999867,10230.429999999938,1569.2700000000714,0.18118473737929972
GROCERY,DOG FOODS,53410.969999999405,19769.0,949,0.3796,0.025755559092027026,0.14560506491348177,22792.070000000647,30618.90000000148,7826.830000000831,0.3434014549797631
GROCERY,DOMESTIC WINE,61592.28999999805,6794.0,755,0.302,0.016409629490314086,0.0017285548179596499,26163.320000001037,35428.97000000129,9265.650000000252,0.3541465685547509
GROCERY,DRY BN/VEG/POTATO/RICE,37524.220000000736,28017.0,1944,0.7776,0.047995544045948406,0.11270857102320303,17337.270000000146,20186.950000000477,2849.6800000003313,0.16436728504547182
GROCERY,DRY MIX DESSERTS,11791.030000000192,13810.0,1438,0.5752,0.019719043416617236,0.2330513628572763,5493.280000000015,6297.749999999997,804.4699999999821,0.14644620336119402
GROCERY,DRY NOODLES/PASTA,23361.480000000367,22070.0,1962,0.7848,0.05071179525759176,0.17992027195714297,10630.399999999856,12731.080000000118,2100.680000000262,0.1976106261288654
GROCERY,DRY SAUCES/GRAVY,12742.939999999955,13609.0,1385,0.554,0.023476946224736332,0.1625021606271001,5868.449999999974,6874.489999999906,1006.0399999999318,0.1714319794834984
GROCERY,EGGS,39928.1700000054,34239.0,2230,0.892,0.10067852027603767,0.11137142838066413,17993.410000000713,21934.760000000424,3941.349999999711,0.219044083361606
GROCERY,FACIAL TISS/DNR NAPKIN,18828.930000000444,10426.0,1352,0.5408,0.024800711795257592,0.11195057957596263,8549.749999999902,10279.179999999904,1729.430000000002,0.20227842919383865
GROCERY,FD WRAPS/BAGS/TRSH BG,42796.18999999843,15493.0,1906,0.7624,0.04066058072076503,0.15072315019270835,18491.080000000147,24305.1100000003,5814.030000000152,0.31442349500408334
GROCERY,FLOUR & MEALS,5723.599999999881,3535.0,1164,0.4656,0.011346045340779213,0.07235910185638517,2733.0799999999945,2990.5199999999354,257.43999999994094,0.09419409603814798
GROCERY,FLUID MILK PRODUCTS,205356.05000010307,116192.0,2421,0.9684,0.25056784479391214,0.1876348413248761,91992.6200000063,113363.42999999019,21370.80999998389,0.2323100483493396
GROCERY,FROZEN BREAD/DOUGH,19355.170000000508,9422.0,1510,0.604,0.026023205682788153,0.17013195879293963,9057.6,10297.56999999987,1239.9699999998702,0.13689829535416337
GROCERY,FROZEN CHICKEN,4201.639999999957,606.0,264,0.1056,0.0016854501526308936,0.1728468946618277,771.1800000000006,3430.459999999971,2659.27999999997,3.4483259420627714
GROCERY,FROZEN PIE/DESSERTS,20835.320000000997,9634.0,1502,0.6008,0.023278019704576033,0.24367103771021117,8847.599999999946,11987.720000000008,3140.1200000000626,0.35491206654912993
GROCERY,FROZEN PIZZA,146037.24999999913,67225.0,2052,0.8208,0.08381678505808654,0.18230551744199303,68626.60999999678,77410.63999999971,8784.030000002924,0.1279974342314641
GROCERY,FRUIT - SHELF STABLE,40925.52999999916,31111.0,1867,0.7468,0.04812575049550788,0.1983214429831097,18598.580000000245,22326.94999999937,3728.369999999126,0.20046530434038926
GROCERY,FRZN BREAKFAST FOODS,24927.70000000033,12797.0,1404,0.5616,0.026417441877287656,0.16301578497090777,10995.879999999923,13931.820000000049,2935.940000000126,0.2670036413638696
GROCERY,FRZN FRUITS,5726.349999999968,1811.0,406,0.1624,0.003978530403205972,0.14416743760620887,2437.740000000002,3288.6099999999874,850.8699999999853,0.3490405047297844
GROCERY,FRZN ICE,6576.249999999787,2911.0,871,0.3484,0.008705747891378887,0.0,3065.4699999999284,3510.779999999936,445.3100000000077,0.1452664681109318
GROCERY,FRZN JCE CONC/DRNKS,5724.509999999984,5026.0,531,0.2124,0.00686477336844085,0.15562468471498547,2559.7400000000043,3164.7700000000154,605.0300000000111,0.23636384945346406
GROCERY,FRZN MEAT/MEAT DINNERS,160517.17000000284,79391.0,2069,0.8276,0.0823808972671113,0.2292943136454926,71063.56999999727,89453.59999999993,18390.030000002662,0.25878280531084163
GROCERY,FRZN NOVELTIES/WTR ICE,40330.180000001,16209.0,1744,0.6976,0.03746328901491587,0.21906873442452302,18383.40000000028,21946.780000000566,3563.380000000285,0.19383683105411567
GROCERY,FRZN POTATOES,21579.299999999483,11297.0,1515,0.606,0.02934708699237569,0.16541875060912795,9870.479999999961,11708.820000000102,1838.3400000001402,0.18624626157999888
GROCERY,FRZN SEAFOOD,314.2900000000002,72.0,49,0.0196,0.00023147813255016566,0.14217479120039295,119.73999999999997,194.55000000000013,74.81000000000016,0.6247703357274109
GROCERY,FRZN VEGETABLE/VEG DSH,43410.17999999854,31833.0,1771,0.7084,0.04606776522330406,0.192887698625781,18555.08999999994,24855.08999999979,6299.999999999851,0.3395294768174055
GROCERY,HISPANIC,47899.89999999843,31735.0,1920,0.768,0.05159792248376036,0.09509648955268905,21525.410000000425,26374.490000001144,4849.080000000718,0.22527236415011945
GROCERY,HOT CEREAL,17172.939999999915,7193.0,1440,0.576,0.02027965451888717,0.11811760355979486,7528.039999999953,9644.900000000162,2116.860000000209,0.2811966992736784
GROCERY,HOUSEHOLD CLEANG NEEDS,39364.610000000925,11748.0,1548,0.6192,0.026782743305218387,0.08512840750338997,18329.670000000144,21034.940000000464,2705.2700000003206,0.14758967291829583
GROCERY,ICE CREAM/MILK/SHERBTS,82426.60000000452,30629.0,2151,0.8604,0.07266243254582544,0.3236107497070376,38005.76000000127,44420.840000000106,6415.079999998838,0.16879230937622675
GROCERY,IMPORTED WINE,21498.68000000037,2398.0,376,0.1504,0.006253526424675569,0.0025869380044203872,9757.019999999833,11741.65999999979,1984.6399999999576,0.20340636792791156
GROCERY,ISOTONIC DRINKS,24753.32999999976,14647.0,1156,0.4624,0.019364592526149794,0.17443548989576788,10738.589999999758,14014.739999999945,3276.150000000187,0.305081952099881
GROCERY,LAUNDRY ADDITIVES,20265.740000000475,5180.0,1208,0.4832,0.016113048132984188,0.10408978138201164,9198.019999999791,11067.719999999747,1869.6999999999553,0.20327200854096836
GROCERY,LAUNDRY DETERGENTS,55070.24999999904,9385.0,1644,0.6576,0.030656385179612562,0.17679228487312376,24720.970000001256,30349.280000001814,5628.310000000558,0.22767350957508026
GROCERY,LIQUOR,2149.6500000000037,647.0,303,0.1212,0.0018301239854747473,0.03420373981256004,853.9300000000015,1295.720000000004,441.79000000000235,0.5173609078027491
GROCERY,MARGARINES,23123.26000000079,17214.0,1960,0.784,0.04904081248824525,0.133037812893788,10397.139999999683,12726.120000000037,2328.9800000003543,0.22400198516134487
GROCERY,MEAT - SHELF STABLE,53608.08000000052,43201.0,1868,0.7472,0.04993055656023495,0.11705552093119494,24831.56000000047,28776.520000000284,3944.9599999998136,0.15886879438906532
GROCERY,MILK BY-PRODUCTS,41749.40000000022,26567.0,2030,0.812,0.07127718059634554,0.1470903206536824,18944.619999999977,22804.78000000094,3860.160000000964,0.20376022321909695
GROCERY,MISC WINE,9453.739999999822,1605.0,593,0.2372,0.004676581646677566,0.00031617694488476005,4437.879999999943,5015.859999999935,577.9799999999923,0.13023786132117132
GROCERY,MISC. DAIRY,22931.5300000007,10419.0,1552,0.6208,0.026554882018489316,0.13394613980264589,10439.810000000072,12491.720000000105,2051.9100000000326,0.1965466804472513
GROCERY,MOLASSES/SYRUP/PANCAKE MIXS,13504.340000000127,5882.0,1373,0.5492,0.01632644203642887,0.1906308772779393,6031.399999999836,7472.939999999908,1441.5400000000718,0.2390058692840984
GROCERY,NEW AGE,1794.4000000000015,733.0,262,0.1048,0.002039901043098335,0.10140718113075277,279.3800000000001,1515.020000000001,1235.6400000000008,4.422793328083615
GROCERY,OLIVES,5888.059999999847,3460.0,814,0.3256,0.009573790888442008,0.14952370635179016,2666.8999999999874,3221.1600000000103,554.260000000023,0.2078293149349528
GROCERY,PAPER HOUSEWARES,24952.220000000314,12385.0,1611,0.6444,0.02783524543915742,0.1285137504453062,10441.659999999896,14510.559999999821,4068.899999999925,0.38967941878972934
GROCERY,PAPER TOWELS,30254.539999999855,15176.0,1600,0.64,0.03681225676711853,0.1572952931768543,13234.529999999797,17020.01000000001,3785.4800000002124,0.28603055794201004
GROCERY,PASTA SAUCE,33993.39999999842,19456.0,1816,0.7264,0.04240751725235457,0.14662862903875254,15342.870000000214,18650.530000000097,3307.6599999998834,0.21558287334767468
GROCERY,PET CARE SUPPLIES,12886.639999999743,3494.0,751,0.3004,0.009096367240057291,0.0430544695216187,5913.269999999867,6973.369999999864,1060.0999999999976,0.17927474984230748
GROCERY,PICKLE/RELISH/PKLD VEG,15569.830000000098,7611.0,1535,0.614,0.022301471332880022,0.18689630177390018,7046.749999999889,8523.07999999995,1476.3300000000618,0.20950509099940895
GROCERY,PNT BTR/JELLY/JAMS,32167.93000000146,14262.0,1898,0.7592,0.037517541702232315,0.1340241126675578,14494.790000000141,17673.14000000036,3178.3500000002186,0.21927533962204265
GROCERY,PWDR/CRYSTL DRNK MX,16366.199999999331,31107.0,1268,0.5072,0.0192633208431591,0.1621307809505013,7206.71999999945,9159.479999999416,1952.7599999999657,0.27096376715067527
GROCERY,REFRGRATD DOUGH PRODUCTS,43477.12999999928,25136.0,1869,0.7476,0.051102414606270165,0.19767802140392346,20442.859999999953,23034.27000000023,2591.4100000002763,0.12676357417701253
GROCERY,REFRGRATD JUICES/DRNKS,72179.19999999706,37668.0,2113,0.8452,0.09381374690759682,0.22899448679014128,33490.68000000193,38688.51999999959,5197.839999997661,0.15520258173310789
GROCERY,RESTRICTED DIET,131.05,59.0,26,0.0104,0.00013744014120166086,0.016362681077835322,56.18,74.86999999999999,18.68999999999999,0.3326806692773227
GROCERY,SALD DRSNG/SNDWCH SPRD,47585.870000002105,23260.0,2137,0.8548,0.060650887573964495,0.16559070135916196,22276.630000000656,25309.24000000009,3032.609999999433,0.13613414596370024
GROCERY,SEAFOOD - SHELF STABLE,24991.74000000051,22011.0,1565,0.626,0.028540530374271206,0.14940181482346654,11977.700000000003,13014.03999999994,1036.3399999999383,0.08652245422743415
GROCERY,SHORTENING/OIL,28097.650000000995,9627.0,1812,0.7248,0.029896847557182332,0.12549374053253048,12521.450000000212,15576.200000000257,3054.7500000000455,0.24396136230228876
GROCERY,SNACK NUTS,17325.82000000003,6336.0,1183,0.4732,0.016944922671836345,0.18054960408111567,7917.49999999984,9408.31999999985,1490.8200000000106,0.18829428481213017
GROCERY,SOFT DRINKS,327647.29999988107,160637.0,2405,0.962,0.2593242285267864,0.25395130703950747,155367.1999999677,172280.09999999646,16912.90000002875,0.10885759671302736
GROCERY,SOUP,86239.68999999826,85009.0,2188,0.8752,0.0844424993851362,0.13189810798606366,38345.260000000715,47894.42999999896,9549.169999998245,0.2490313013915688
GROCERY,SPICES & EXTRACTS,28220.110000001223,14102.0,1904,0.7616,0.03424791307996123,0.15476614788718338,13043.740000000034,15176.370000000079,2132.6300000000447,0.16349835246639682
GROCERY,SUGARS/SWEETNERS,27505.620000002284,12855.0,1872,0.7488,0.03724989511147119,0.07353797111914713,12352.919999999896,15152.699999999984,2799.780000000088,0.2266492456844302
GROCERY,SYRUPS/TOPPINGS,2707.9300000000108,1411.0,575,0.23,0.003848323953646504,0.08579502103265967,1248.2300000000055,1459.7000000000064,211.47000000000094,0.16941589290435258
GROCERY,TEAS,11625.350000000131,4328.0,1109,0.4436,0.012651726682194992,0.09906220042298365,5445.4299999999575,6179.919999999943,734.4899999999852,0.13488191015218098
GROCERY,VEGETABLES - SHELF STABLE,57690.049999996474,77503.0,2138,0.8552,0.08174433240259835,0.2099954590868742,26715.2900000007,30974.76000000094,4259.470000000241,0.15943940717095453
GROCERY,WAREHOUSE SNACKS,15848.49000000028,10633.0,1528,0.6112,0.023704807511465403,0.14128995413994863,7474.409999999883,8374.079999999725,899.6699999998418,0.12036669115018521
GROCERY,WATER - CARBONATED/FLVRD DRINK,63873.09999999869,30061.0,1891,0.7564,0.06517194485033492,0.13363073572163797,28503.030000002444,35370.07000000329,6867.040000000845,0.24092315799408892
GROCERY,YOGURT,59341.22000000063,74032.0,1778,0.7112,0.06367095383457994,0.19573839564083625,26514.379999998142,32826.8400000016,6312.460000003455,0.2380768473561855
HBC,INFANT CARE PRODUCTS,9.42,4.0,4,0.0016,1.4467383284385354e-05,0.12453531598513012,9.42,0.0,-9.42,-1.0
HOUSEWARES,UNKNOWN,2.99,1.0,1,0.0004,3.6168458210963385e-06,0.0,2.99,0.0,-2.99,-1.0
KIOSK-GAS,COUPON/MISC ITEMS,514685.72000001057,221135270.0,1359,0.5436,0.07331708163944388,0.03237927017263668,213910.01000000088,300775.71000000334,86865.70000000246,0.4060852505219466
KIOSK-GAS,FUEL,29536.56,119617.0,346,0.1384,0.0064669203281202525,8.903426261857553e-05,8991.76,20544.8,11553.039999999999,1.2848474603414681
MEAT,(CORP USE ONLY),283.4,76.0,54,0.0216,0.00022062759508687663,0.0,124.26,159.14,34.87999999999998,0.28070175438596473
MEAT,BACON,0.3,1.0,1,0.0004,3.6168458210963385e-06,0.0,0.0,0.3,0.3,
MEAT,BEEF,312103.2199999927,65576.0,2238,0.8952,0.1328575975463318,0.17186996810393093,143451.45999999988,168651.76000000257,25200.300000002695,0.17567126887382475
MEAT,CHICKEN,94342.84999999925,26042.0,1891,0.7564,0.054505866523921816,0.38776669696807853,44996.04999999985,49346.79999999976,4350.749999999913,0.09669182072648437
MEAT,EXOTIC GAME/FOWL,1387.160000000001,261.0,132,0.0528,0.000726986010040364,0.18138952984013257,528.1000000000003,859.0600000000006,330.9600000000004,0.6266994887331949
MEAT,LAMB,1307.4299999999994,293.0,64,0.0256,0.0006437985561551482,0.04164925783397471,505.29,802.1400000000001,296.8500000000001,0.5874844148904591
MEAT,LUNCHMEAT,2.2,1.0,1,0.0004,3.6168458210963385e-06,0.0,0.0,2.2,2.2,
MEAT,MEAT - MISC,42.68,17.0,8,0.0032,3.978530403205972e-05,0.0,7.870000000000001,34.81,26.94,3.423125794155019
MEAT,MEAT SUPPLIES,71.64,25.0,10,0.004,5.7869533137541416e-05,0.0,38.8,32.84,-5.959999999999994,-0.15360824742268026
MEAT,MISCELLANEOUS,0.95,1.0,1,0.0004,3.6168458210963385e-06,0.0,0.0,0.95,0.95,
MEAT,PORK,90263.36000000048,18235.0,1698,0.6792,0.044791018648457054,0.29548915202170734,41931.600000000115,48331.76000000014,6400.160000000025,0.15263333619513703
MEAT,RW FRESH PROCESSED MEAT,58.77000000000001,34.0,17,0.0068,9.765483716960114e-05,0.11756756756756756,31.350000000000005,27.419999999999998,-3.930000000000007,-0.12535885167464134
MEAT,SMOKED MEATS,27126.22000000042,4554.0,1160,0.464,0.014221437768550803,0.15163249841045376,11713.22999999994,15412.989999999922,3699.759999999982,0.3158616367987311
MEAT,TURKEY,21258.67,3858.0,972,0.3888,0.01012355145324865,0.30090470432436245,10021.409999999909,11237.259999999898,1215.8499999999894,0.12132524265547467
MEAT,VEAL,537.9600000000003,139.0,65,0.026,0.00037253511957292286,0.0,405.8000000000001,132.15999999999997,-273.64000000000016,-0.6743223262690983
MEAT-PCKGD,BACON,45436.41000000061,15981.0,1693,0.6772,0.03935128253352816,0.2709629552850179,20889.960000000403,24546.450000000677,3656.4900000002744,0.17503575880471786
MEAT-PCKGD,BREAKFAST SAUSAGE/SANDWICHES,46085.22000000078,17224.0,1692,0.6768,0.03972743449892218,0.23096516456532204,21624.68000000052,24460.54000000094,2835.860000000419,0.13113997525051704
MEAT-PCKGD,DINNER SAUSAGE,42889.20000000032,16091.0,1744,0.6976,0.03577783886228498,0.2469161880570668,19883.86000000011,23005.34000000054,3121.480000000429,0.15698561546904935
MEAT-PCKGD,FROZEN MEAT,50911.020000000164,12586.0,1566,0.6264,0.029777491645086154,0.17196620987202685,22662.900000000678,28248.1200000013,5585.220000000623,0.2464477185179503
MEAT-PCKGD,FROZEN PACKAGE MEAT,12.99,1.0,1,0.0004,3.6168458210963385e-06,0.0,0.0,12.99,12.99,
MEAT-PCKGD,HEAT/SERVE,28240.17000000162,7665.0,1212,0.4848,0.019125880701957438,0.13124544321903392,12790.32999999958,15449.839999999525,2659.5099999999456,0.2079313043525877
MEAT-PCKGD,HOT DOGS,33983.230000003736,18364.0,1788,0.7152,0.039778070340417526,0.3456891598815648,15424.290000000057,18558.940000000446,3134.650000000389,0.20322815507231629
MEAT-PCKGD,LUNCHMEAT,93064.24000000335,46290.0,2147,0.8588,0.0858349850262583,0.2021075199011836,43140.42000000024,49923.819999999796,6783.399999999558,0.15724000832628704
MEAT-PCKGD,MEAT - MISC,65837.5999999969,11315.0,1611,0.6444,0.030515328192589806,0.22786441489772358,29586.930000001827,36250.67000000175,6663.739999999925,0.22522580071671897
MEAT-PCKGD,MISCELLANEOUS,5976.689999999802,2631.0,828,0.3312,0.007982378727159619,0.05319312408613654,2794.4799999999946,3182.209999999995,387.7300000000005,0.13874853282184924
MEAT-WHSE,COUPON,7.0,7.0,5,0.002,2.170107492657803e-05,0.0,0.0,7.0,7.0,
MISC SALES TRAN,COUPON/MISC ITEMS,119960.04000000122,36080860.0,1393,0.5572,0.02167214016000926,0.02468126332515791,47553.610000000095,72406.42999999998,24852.819999999883,0.5226274093596645
MISC. TRANS.,NO COMMODITY DESCRIPTION,10678.689999999882,3520.0,935,0.374,0.008155987326572243,0.02947380666527947,5220.10999999997,5458.579999999959,238.46999999998934,0.045682945378543886
NUTRITION,BABYFOOD,633.4899999999998,794.0,33,0.0132,0.0005063584149534874,0.049541642285937194,274.5399999999999,358.9499999999998,84.40999999999991,0.30745975085597704
NUTRITION,BAKING,1526.350000000002,482.0,147,0.0588,0.001208026504246177,0.04883718031806164,587.7100000000008,938.6400000000009,350.93000000000006,0.5971142230011393
NUTRITION,BEVERAGE,1238.5400000000027,554.0,133,0.0532,0.0013671677203744158,0.059503379147998886,807.4500000000016,431.0900000000004,-376.36000000000126,-0.4661093566165094
NUTRITION,BREAD,376.89999999999975,110.0,81,0.0324,0.0003870025028573082,0.00789681495130298,140.64,236.2599999999995,95.61999999999952,0.6798919226393596
NUTRITION,BULK FOODS,41.02000000000001,8.0,8,0.0032,3.255161238986705e-05,0.0,0.0,41.02000000000001,41.02000000000001,
NUTRITION,CEREAL/BREAKFAST,7022.839999999847,2081.0,330,0.132,0.005295062282085039,0.13639767684084209,2908.7499999999773,4114.089999999959,1205.339999999982,0.4143841856467525
NUTRITION,CHIPS&SNACKS,5840.829999999881,2189.0,470,0.188,0.006126936820937197,0.10992400379752741,2720.0999999999804,3120.729999999974,400.62999999999374,0.14728502628579707
NUTRITION,CONDIMENTS,1630.410000000002,463.0,176,0.0704,0.0014069530244064756,0.07869263761040175,751.5700000000007,878.8400000000014,127.27000000000066,0.16933885067259277
NUTRITION,DRIED FRUIT,9548.079999999754,3893.0,890,0.356,0.010854154309110112,0.08201071427198264,4243.889999999936,5304.1899999999305,1060.2999999999947,0.24984153689186353
NUTRITION,DRY TEA/COFFEE/COCO MIX,710.8300000000005,209.0,80,0.032,0.0005389100273433544,0.13456949449693173,313.7300000000002,397.10000000000025,83.37000000000006,0.26573805501545916
NUTRITION,FITNESS&DIET,9335.19999999986,5941.0,363,0.1452,0.005971412450630055,0.18100283111649243,3684.00999999998,5651.189999999958,1967.1799999999776,0.5339779207982573
NUTRITION,FROZEN,10721.329999999882,3417.0,324,0.1296,0.005591643639414939,0.0822986935506106,4778.079999999938,5943.249999999909,1165.169999999971,0.2438573653015408
NUTRITION,JUICE,3854.3299999999463,1514.0,325,0.13,0.0033672834594406908,0.15930228500135615,1817.0500000000006,2037.2800000000032,220.23000000000252,0.12120194821276378
NUTRITION,NATURAL VITAMINS,328.1700000000001,33.0,27,0.0108,0.00011573906627508283,0.20850417249529687,66.33000000000001,261.84,195.50999999999996,2.947535052012663
NUTRITION,NDAIRY/TEAS/JUICE/SOD,11.780000000000001,4.0,2,0.0008,7.233691642192677e-06,0.0,2.38,9.4,7.0200000000000005,2.9495798319327733
NUTRITION,NON EDIBLE PRODUCTS,507.64000000000055,99.0,28,0.0112,0.00027849712822441806,0.046613830146865445,137.73999999999998,369.90000000000026,232.16000000000028,1.6854944097575164
NUTRITION,NON-DAIRY BEVERAGES,2073.579999999999,950.0,115,0.046,0.0019096945935388667,0.13646169094558727,858.0200000000013,1215.5599999999995,357.53999999999814,0.4167035733432759
NUTRITION,ORGANICS FRUIT & VEGETABLES,40.390000000000015,14.0,12,0.0048,5.0635841495348736e-05,0.03511705685618728,25.440000000000005,14.950000000000001,-10.490000000000004,-0.41234276729559755
NUTRITION,PACKAGED NATURAL SNACKS,1264.5300000000018,488.0,200,0.08,0.0013273824163423562,0.007978347846552115,459.1700000000003,805.3600000000009,346.1900000000006,0.7539473397652294
NUTRITION,PREPARED/PKGD FOODS,2862.3499999999913,1312.0,194,0.0776,0.0024305203917767393,0.06939960530722028,1346.0900000000008,1516.2600000000064,170.17000000000553,0.12641799582494886
NUTRITION,REFRIGERATED,25323.020000001132,10216.0,729,0.2916,0.01872441081581574,0.08645960537019177,10282.489999999889,15040.529999999811,4758.039999999923,0.46273227593705163
NUTRITION,RICE CAKES,3610.6099999999624,1908.0,445,0.178,0.00451382358472823,0.14738733718085992,1360.990000000004,2249.620000000007,888.6300000000031,0.6529291177745614
NUTRITION,SNKS/CKYS/CRKR/CNDY,3702.179999999977,2222.0,321,0.1284,0.003450470913325907,0.0989303055748248,1545.5600000000022,2156.6200000000003,611.0599999999981,0.3953647868733645
NUTRITION,SOUP,1560.2500000000005,680.0,124,0.0496,0.0012695128832048148,0.08038287664369934,614.0699999999999,946.1800000000011,332.11000000000115,0.5408341068607833
NUTRITION,WATER,3904.389999999974,3672.0,453,0.1812,0.0051540052950622825,0.2559835509516623,1577.1100000000006,2327.2800000000007,750.1700000000001,0.47566117772381117
PASTRY,BAKERY PARTY TRAYS,972.4300000000011,159.0,98,0.0392,0.000459339419279235,0.004606266569764461,323.6500000000002,648.7800000000005,325.13000000000034,1.0045728410319794
PASTRY,BREAD,17484.42000000028,10195.0,1329,0.5316,0.028471810303670374,0.09406352283931656,7914.689999999763,9569.729999999778,1655.0400000000145,0.20910989564974294
PASTRY,BREAKFAST SWEETS,19664.370000000174,14693.0,1565,0.626,0.029636434658063395,0.13094568866307618,8828.829999999762,10835.539999999763,2006.710000000001,0.22729059229819298
PASTRY,CAKES,38690.65000000077,5465.0,1428,0.5712,0.01614198289955296,0.03821974457693268,17331.83999999988,21358.810000000478,4026.970000000598,0.23234520974118303
PASTRY,COOKIES,15203.029999999746,5614.0,1229,0.4916,0.013389563229698644,0.3117879896535004,6867.339999999901,8335.689999999871,1468.3499999999704,0.21381641217705713
PASTRY,DELI SUPPLIES,1128.7500000000014,433.0,287,0.1148,0.0013237655705212598,0.0,537.2600000000004,591.4900000000006,54.23000000000013,0.10093809328816604
PASTRY,PIES,12894.569999999509,3116.0,892,0.3568,0.010080149303395495,0.18916660273687236,5996.86999999983,6897.699999999783,900.8299999999535,0.1502166963766063
PASTRY,ROLLS,10401.589999999771,8137.0,1231,0.4924,0.018463997916696808,0.08829559249536909,4771.949999999889,5629.639999999912,857.6900000000232,0.17973574744078274
PASTRY,SWEET GOODS & SNACKS,5300.049999999859,2008.0,655,0.262,0.005833972309428393,0.07448250089931827,2695.749999999972,2604.2999999999824,-91.44999999998936,-0.03392376889548004
PHARMACY SUPPLY,COUPON/MISC ITEMS,16.92,8.0,4,0.0016,2.170107492657803e-05,0.1506024096385542,0.0,16.92,16.92,
PHOTO,REFRGRATD DOUGH PRODUCTS,41.40000000000001,19.0,17,0.0068,6.148637895863775e-05,0.2123287671232876,6.38,35.02000000000001,28.64000000000001,4.489028213166146
PORK,PORK,15.7,2.0,2,0.0008,7.233691642192677e-06,0.0,15.7,0.0,-15.7,-1.0
POSTAL CENTER,CANDY - CHECKLANE,6.6000000000000005,20.0,5,0.002,4.70189956742524e-05,0.0,0.0,6.6000000000000005,6.6000000000000005,
POSTAL CENTER,CANDY - PACKAGED,17.41,8.0,7,0.0028,2.5317920747674368e-05,0.021910112359550562,1.89,15.52,13.629999999999999,7.211640211640211
PROD-WHS SALES,PROD SUPPLIES,7.52,4.0,2,0.0008,1.4467383284385354e-05,0.0,5.0,2.52,-2.48,-0.496
PRODUCE,APPLES,36160.75000000096,16404.0,1759,0.7036,0.04536609713401137,0.10018675216705773,15731.399999999743,20429.35000000043,4697.950000000688,0.2986352136491835
PRODUCE,BERRIES,34142.310000003345,14336.0,1542,0.6168,0.03301095180914628,0.21160469846265353,14730.419999999636,19411.890000000054,4681.470000000418,0.3178096754879042
PRODUCE,BROCCOLI/CAULIFLOWER,10011.029999999575,5758.0,998,0.3992,0.01626857250329133,0.08622718199003676,4428.539999999921,5582.489999999796,1153.9499999998752,0.26057120405368267
PRODUCE,CARROTS,15866.419999999434,9250.0,1575,0.63,0.030410439663778013,0.09455141648790569,7217.099999999689,8649.319999999605,1432.2199999999157,0.1984481301353698
PRODUCE,CITRUS,24527.900000001257,26103.0,1654,0.6616,0.036758004079802085,0.06991091918718116,10888.45999999979,13639.439999999704,2750.979999999914,0.25265097176276236
PRODUCE,CORN,5435.379999999988,13874.0,923,0.3692,0.009960793391299315,0.13553566799256234,3063.97999999998,2371.4000000000005,-692.5799999999795,-0.22603933446040247
PRODUCE,DRIED FRUIT,48.65999999999999,27.0,22,0.0088,8.318745388521578e-05,0.04793582469184114,0.0,48.65999999999999,48.65999999999999,
PRODUCE,GRAPES,34038.69000000026,10927.0,1763,0.7052,0.036739919850696606,0.19185935532396137,15406.179999999986,18632.510000000035,3226.330000000049,0.20941790891707432
PRODUCE,HERBS,4668.729999999839,3836.0,832,0.3328,0.011899422751406954,0.018411370182705746,2442.209999999983,2226.5199999999927,-215.6899999999905,-0.08831754844996621
PRODUCE,MELONS,14194.819999999467,5380.0,1179,0.4716,0.015736896167590168,0.17449755370195424,5754.999999999859,8439.819999999943,2684.8200000000843,0.46651954821896613
PRODUCE,MISCELLANEOUS(CORP USE ONLY),2.29,1.0,1,0.0004,3.6168458210963385e-06,0.0,2.29,0.0,-2.29,-1.0
PRODUCE,MUSHROOMS,11874.019999999553,5583.0,905,0.362,0.017151082883638837,0.04554205226601262,5300.919999999801,6573.09999999973,1272.1799999999294,0.23999230322283246
PRODUCE,NUTS,9030.47999999976,2232.0,640,0.256,0.006665846848280551,0.04251008067722772,3911.4099999999366,5119.0699999998915,1207.6599999999548,0.30875310949247825
PRODUCE,ONIONS,23771.86000000157,18880.0,1938,0.7752,0.05654576756702015,0.033622586989518324,10870.60999999977,12901.24999999973,2030.6399999999612,0.1868009246951187
PRODUCE,ORGANICS FRUIT & VEGETABLES,17053.86999999973,7085.0,1239,0.4956,0.01915119862270511,0.09027929289399912,6141.809999999824,10912.059999999683,4770.249999999859,0.7766847232330527
PRODUCE,PEARS,4519.16999999999,2045.0,606,0.2424,0.0072011400298028095,0.1297104407709256,1956.6600000000012,2562.5099999999993,605.8499999999981,0.30963478580846837
PRODUCE,PEPPERS-ALL,16150.66000000013,13593.0,1500,0.6,0.029864295944792466,0.019955678320727484,7108.249999999738,9042.409999999874,1934.1600000001363,0.27210072802732144
PRODUCE,POPCORN,12526.649999999807,5440.0,1189,0.4756,0.014228671460192995,0.24306795961627564,5842.569999999848,6684.079999999868,841.5100000000202,0.1440307946674224
PRODUCE,POTATOES,45169.6200000006,19074.0,1973,0.7892,0.055446246437406865,0.06772516628666164,19451.900000000296,25717.720000002235,6265.820000001939,0.3221186619302918
PRODUCE,PROCESSED,15597.789999999775,5851.0,1280,0.512,0.016984707975868405,0.09344110513563036,6814.899999999806,8782.88999999973,1967.9899999999243,0.28877753158520014
PRODUCE,PROD SUPPLIES,23.689999999999998,14.0,5,0.002,5.0635841495348736e-05,0.0,11.23,12.46,1.2300000000000004,0.10952804986642924
PRODUCE,SALAD BAR,28.25,6.0,4,0.0016,1.8084229105481692e-05,0.0,11.65,16.6,4.950000000000001,0.42489270386266104
PRODUCE,SALAD MIX,44807.03000000061,20383.0,1846,0.7384,0.056187699830731616,0.17159631270288636,20209.420000000235,24597.610000001692,4388.1900000014575,0.21713587030213666
PRODUCE,SEASONAL,1541.2600000000016,403.0,202,0.0808,0.0008788935345264102,0.07450175040382372,709.7800000000008,831.4800000000008,121.70000000000005,0.17146157964439673
PRODUCE,SQUASH,3374.939999999999,2417.0,545,0.218,0.007429001316531879,0.031100086987227535,1465.9700000000014,1908.9700000000007,442.9999999999993,0.3021889943177547
PRODUCE,STONE FRUIT,16629.000000000007,6652.0,1319,0.5276,0.019975839469915078,0.22501754650873376,7361.95999999999,9267.039999999983,1905.0799999999927,0.25877347880184015
PRODUCE,TOMATOES,41861.79000000035,16569.0,1882,0.7528,0.0554173116708381,0.10616552867429102,17523.759999999824,24338.030000000326,6814.2700000005025,0.38885889786213523
PRODUCE,TROPICAL FRUIT,40551.23000000094,39831.0,2155,0.862,0.11755833972309429,0.06883564356890241,17891.079999999914,22660.150000000107,4769.0700000001925,0.26656132553206485
PRODUCE,VALUE ADDED FRUIT,19009.010000000024,7365.0,1296,0.5184,0.02118748281998235,0.023620271746639675,9132.219999999988,9876.78999999998,744.5699999999924,0.0815322013705313
PRODUCE,VALUE ADDED VEGETABLES,7664.369999999775,2770.0,698,0.2792,0.007598993070123407,0.0854606721730513,3721.82999999994,3942.5399999999436,220.71000000000367,0.05930147266264371
PRODUCE,VEGETABLES - ALL OTHERS,33137.56000000341,25436.0,1892,0.7568,0.059388608382401877,0.06468540745348497,14549.289999999748,18588.27000000095,4038.980000001202,0.2776066735903451
PRODUCE,VEGETABLES SALAD,14032.879999998459,12468.0,1633,0.6532,0.03887024203932235,0.004691106190359835,6224.339999999279,7808.539999999291,1584.2000000000116,0.25451694476847264
RESTAURANT,COFFEE SHOP,774.8500000000004,261.0,60,0.024,0.0007197523183981714,0.06373852102464955,167.92,606.9300000000001,439.0100000000001,2.614399714149596
RESTAURANT,COFFEE SHOP SWEET GOODS&RETAIL,492.36999999999955,83.0,51,0.0204,0.00028573081986661074,0.0,134.26000000000002,358.1099999999998,223.84999999999977,1.6672873528973613
RESTAURANT,QUICK SERVICE,719.5399999999998,160.0,60,0.024,0.00047742364838471667,0.0,228.70999999999998,490.83000000000004,262.12000000000006,1.1460801888854886
RX,COUPON/MISC ITEMS,12.0,1.0,1,0.0004,3.6168458210963385e-06,0.0,0.0,12.0,12.0,
RX,PHARMACY,147.56,14.0,13,0.0052,4.70189956742524e-05,0.0,27.96,119.6,91.63999999999999,3.2775393419170236
SALAD BAR,PROD SUPPLIES,74.47,12.0,18,0.0072,6.51032247797341e-05,0.0,61.91,12.559999999999999,-49.349999999999994,-0.7971248586658052
SALAD BAR,SALAD BAR,30878.830000000144,10647.0,1152,0.4608,0.030388738588851435,0.027742198343068777,13954.52000000004,16924.310000000063,2969.7900000000227,0.21281921556599684
SEAFOOD,MEAT SUPPLIES,201.95000000000002,28.0,26,0.0104,0.00010127168299069747,0.0,69.67999999999999,132.26999999999998,62.58999999999999,0.8982491389207806
SEAFOOD,SEAFOOD - FROZEN,9439.759999999957,1188.0,406,0.1624,0.003591527900348664,0.20293031880220425,3760.7799999999997,5678.979999999982,1918.1999999999825,0.5100537654422707
SEAFOOD,SEAFOOD - MISC,16.43,4.0,3,0.0012,1.4467383284385354e-05,0.2035870092098885,0.0,16.43,16.43,
SEAFOOD,SEAFOOD-FRESH,19838.780000000086,3335.0,703,0.2812,0.009761866871139018,0.16999115969490178,8714.37999999998,11124.39999999999,2410.0200000000114,0.27655667987854754
SEAFOOD-PCKGD,FROZEN - BOXED(GROCERY),5653.199999999894,1171.0,460,0.184,0.0032298433182390302,0.20411205953532813,2293.1099999999965,3360.08999999997,1066.9799999999736,0.46529821944868555
SEAFOOD-PCKGD,PKG.SEAFOOD MISC,27.92000000000001,8.0,2,0.0008,2.170107492657803e-05,0.0,0.0,27.92000000000001,27.92000000000001,
SEAFOOD-PCKGD,SEAFOOD - FROZEN,50560.97999999945,9959.0,1499,0.5996,0.024193081697313407,0.2725095373359662,23320.120000000567,27240.860000000997,3920.740000000431,0.16812692215993466
SEAFOOD-PCKGD,SEAFOOD - MISC,2354.7399999999843,1325.0,575,0.23,0.004097886315302151,0.09249481643632992,1021.9600000000027,1332.7800000000025,310.8199999999998,0.30414106227249504
SEAFOOD-PCKGD,SEAFOOD-FRESH,4496.779999999926,1540.0,401,0.1604,0.0038989597951418526,0.18274836796115573,2237.3199999999947,2259.4599999999955,22.140000000000782,0.00989576815118125
SPIRITS,LIQUOR,21670.880000000412,2290.0,563,0.2252,0.006951577668147162,0.0,9724.969999999883,11945.909999999834,2220.9399999999514,0.22837499755783083
TOYS,TOYS,9.84,6.0,4,0.0016,1.8084229105481692e-05,0.24539877300613497,4.68,5.16,0.4800000000000004,0.10256410256410266
TRAVEL & LEISUR,APPLES,2537.2599999999975,940.0,478,0.1912,0.003056234718826406,0.08751020466879336,1108.5400000000004,1428.7199999999987,320.17999999999824,0.2888303534378535
TRAVEL & LEISUR,BERRIES,3.0,2.0,1,0.0004,3.6168458210963385e-06,0.24623115577889446,3.0,0.0,-3.0,-1.0
TRAVEL & LEISUR,MELONS,4.4,2.0,2,0.0008,7.233691642192677e-06,0.0,0.0,4.4,4.4,
TRAVEL & LEISUR,TROPICAL FRUIT,5.720000000000001,6.0,4,0.0016,1.8084229105481692e-05,0.0,3.62,2.1,-1.52,-0.4198895027624309
VIDEO,BEERS/ALES,34.77,3.0,3,0.0012,1.0850537463289014e-05,0.0,0.0,34.77,34.77,
VIDEO RENTAL,UNKNOWN,21.46,11.0,3,0.0012,1.4467383284385354e-05,0.3761627906976744,21.46,0.0,-21.46,-1.0
